model,avg_rmse,avg_mae
LSTM Level (full),10.670503102617724,7.529495695120232
LSTM Δprice,5.659830289705765,4.184309501141167
